Source File,CSV Name,Matched DB Name,Similarity Score
formatted_universities.csv,FHM University,RMIT University,82.75862068965517
formatted_universities.csv,ISTEC Business School,IE Business School,92.3076923076923
formatted_universities.csv,University of Nicosia,University of Arizona,80.95238095238095
formatted_universities.csv,University of Cyprus,University of Bayreuth,80.95238095238095
formatted_universities.csv,BSB Burgundy School of Business,Burgundy School of Business,93.10344827586206
formatted_universities.csv,California State University,California State University Fresno,88.52459016393442
formatted_universities.csv,University of Tartu,University of Bayreuth,82.92682926829268
formatted_universities.csv,Estonian Business School,EU Business School,80.95238095238095
formatted_universities.csv,Rabat Business School,EU Business School,82.05128205128204
formatted_universities.csv,Moldova State University,Colorado State University,85.71428571428572
formatted_universities.csv,BINUS University International,Alliant International University,80.64516129032258
formatted_universities.csv,ISM (International School of Management),ISM - International School of Management,85.0
formatted_universities.csv,University of Latvia,University of Manitoba,80.95238095238095
formatted_universities.csv,Riga Technical University,Riga Technical University,100.0
formatted_universities.csv,RISEBA University of Applied Sciences,IU University of Applied Sciences,91.42857142857143
formatted_universities.csv,University of Warsaw,University of Wroclaw,87.8048780487805
formatted_universities.csv,Gdansk University of Technology,University of Technology Sydney,87.09677419354838
formatted_universities.csv,University of Gdansk,University of Basel,82.05128205128204
formatted_universities.csv,University of Wroclaw,University of Wroclaw,100.0
formatted_universities.csv,Wroclaw University of Science and Technology,Missouri University of Science and Technology,80.89887640449437
formatted_universities.csv,Poznan University of Technology,Queensland University of Technology,84.84848484848484
formatted_universities.csv,University of Lodz,University of Bonn,83.33333333333334
formatted_universities.csv,Lodz University of Technology,University of Technology Sydney,86.66666666666667
formatted_universities.csv,Bialystok University of Technology,Delft University of Technology,84.375
formatted_universities.csv,Lazarski University,Lamar University,85.71428571428572
formatted_universities.csv,Lublin University of Technology,Delft University of Technology,85.24590163934427
formatted_universities.csv,Royal Roads University,Royal Roads University,100.0
formatted_universities.csv,Kaunas University of Technology,Queensland University of Technology,84.84848484848484
formatted_universities.csv,MCAST University,OCAD University,83.87096774193549
formatted_universities4.csv,MCAST University,OCAD University,83.87096774193549
formatted_universities4.csv,Royal Roads University (RAK),Royal Roads University,88.0
formatted_universities4.csv,ISM – International School of Management,ISM - International School of Management,95.0
formatted_universities4.csv,IU International University of Applied Sciences,IU University of Applied Sciences,82.5
formatted_universities4.csv,University of Nicosia,University of Arizona,80.95238095238095
formatted_universities4.csv,American College,Cambrian College,81.25
formatted_universities4.csv,Larnaca College,Langara College,86.66666666666667
formatted_universities4.csv,Frederick University,Federation University,82.92682926829268
formatted_universities4.csv,European University Cyprus,Central European University,83.01886792452831
formatted_universities4.csv,ISTEC Business School,IE Business School,92.3076923076923
formatted_universities4.csv,BSB – Burgundy School of Business,Burgundy School of Business,90.0
formatted_universities4.csv,ICD Business School,IE Business School,91.89189189189189
formatted_universities4.csv,University of Tartu,University of Bayreuth,82.92682926829268
formatted_universities4.csv,University of Latvia,University of Manitoba,80.95238095238095
formatted_universities4.csv,Turiba University,Trier University,84.84848484848484
formatted_universities4.csv,Riga Technical University,Riga Technical University,100.0
formatted_universities4.csv,RISEBA University of Applied Sciences,IU University of Applied Sciences,91.42857142857143
formatted_universities4.csv,ISMA University of Applied Sciences,IU University of Applied Sciences,94.11764705882352
formatted_universities4.csv,Kaunas University of Technology,Queensland University of Technology,84.84848484848484
formatted_universities4.csv,University of Warsaw,University of Wroclaw,87.8048780487805
formatted_universities4.csv,Gdansk University of Technology,University of Technology Sydney,87.09677419354838
formatted_universities4.csv,University of Gdansk,University of Basel,82.05128205128204
formatted_universities4.csv,University of Wroclaw,University of Wroclaw,100.0
formatted_universities4.csv,Wroclaw University of Science & Technology,Missouri University of Science and Technology,80.45977011494253
formatted_universities4.csv,Poznan University of Technology,Queensland University of Technology,84.84848484848484
formatted_universities4.csv,University of Lodz,University of Bonn,83.33333333333334
formatted_universities4.csv,Lodz University of Technology,University of Technology Sydney,86.66666666666667
formatted_universities4.csv,Bialystok University of Technology,Delft University of Technology,84.375
formatted_universities4.csv,Lazarski University,Lamar University,85.71428571428572
formatted_universities4.csv,Lublin University of Technology,Delft University of Technology,85.24590163934427
formatted_universities4.csv,BINUS University International,Alliant International University,80.64516129032258
formatted_universities5.csv,University College London,University College Cork,83.33333333333334
formatted_universities5.csv,University of Birmingham,University of Alabama at Birmingham,81.35593220338984
formatted_universities5.csv,University of Bristol,University of Basel,85.0
formatted_universities5.csv,Cardiff University,Clark University,82.35294117647058
formatted_universities5.csv,Durham University,Fordham University,85.71428571428572
formatted_universities5.csv,University of Edinburgh,University of Freiburg,84.44444444444444
formatted_universities5.csv,University of Exeter,University of Bern,84.21052631578947
formatted_universities5.csv,University of Leeds,University of Bern,81.08108108108108
formatted_universities5.csv,University of Nottingham,University of Goettingen,83.33333333333334
formatted_universities5.csv,University of Warwick,University of Zurich,82.92682926829268
formatted_universities5.csv,University of York,New York University,81.08108108108108
formatted_universities5.csv,Abertay University,Adler University,82.35294117647058
formatted_universities5.csv,Aston University,Bond University,83.87096774193549
formatted_universities5.csv,Bangor University,Baylor University,88.23529411764706
formatted_universities5.csv,Bath Spa University,Bauhaus University,81.08108108108108
formatted_universities5.csv,Birmingham City University,Binghamton University,80.85106382978724
formatted_universities5.csv,Brunel University London,Brandon University,80.95238095238095
formatted_universities5.csv,Coventry University,Bentley University,81.08108108108108
formatted_universities5.csv,Edge Hill University,Mcgill University,81.08108108108108
formatted_universities5.csv,Hartpury University,Harvard University,81.08108108108108
formatted_universities5.csv,Heriot-Watt University,Heriot-Watt University (Dubai),84.61538461538461
formatted_universities5.csv,Keele University,Drexel University,84.84848484848484
formatted_universities5.csv,Kingston University,Binghamton University,85.0
formatted_universities5.csv,Middlesex University,Middlesex University (Dubai),83.33333333333334
formatted_universities5.csv,Northumbria University,Columbia University,82.92682926829268
formatted_universities5.csv,Robert Gordon University,Robert Morris University,83.33333333333334
formatted_universities5.csv,Solent University,Ghent University,84.84848484848484
formatted_universities5.csv,Staffordshire University,Stanford University,83.72093023255813
formatted_universities5.csv,Swansea University,Rowan University,82.35294117647058
formatted_universities5.csv,Teesside University,Leiden University,83.33333333333334
formatted_universities5.csv,Ulster University,Adler University,84.84848484848484
formatted_universities5.csv,University of Aberdeen,University of Bern,85.0
formatted_universities5.csv,University of Bath,University of Bayreuth,90.0
formatted_universities5.csv,University of Bolton,University of Bologna,92.6829268292683
formatted_universities5.csv,University of Brighton,University of Bern,85.0
formatted_universities5.csv,University of Chester,University of Bern,82.05128205128204
formatted_universities5.csv,University of Chichester,The University of Chicago,81.63265306122449
formatted_universities5.csv,University of Cumbria,Columbia University,85.0
formatted_universities5.csv,University of Derby,University of Bern,86.48648648648648
formatted_universities5.csv,University of Essex,University of Basel,84.21052631578947
formatted_universities5.csv,University of Hull,University of Basel,81.08108108108108
formatted_universities5.csv,University of Kent,University of Bern,88.88888888888889
formatted_universities5.csv,University of Leeds,University of Bern,81.08108108108108
formatted_universities5.csv,University of Lincoln,University of Bonn,82.05128205128204
formatted_universities5.csv,University of Plymouth,University of Bayreuth,81.81818181818181
formatted_universities5.csv,University of Reading,University of Bern,82.05128205128204
formatted_universities5.csv,University of Salford,Stanford University,85.0
formatted_universities5.csv,University of Suffolk,Suffolk University Usa,88.37209302325581
formatted_universities5.csv,University of Sunderland,University of Bern,80.95238095238095
formatted_universities5.csv,University of Sussex,University of Basel,82.05128205128204
formatted_universities3.csv,Maryville University,Marshall University,82.05128205128204
formatted_universities3.csv,University of South Dakota,South Dakota State University,83.63636363636364
formatted_universities3.csv,Staffordshire University,Stanford University,83.72093023255813
formatted_universities3.csv,University of Plymouth,University of Bayreuth,81.81818181818181
formatted_universities3.csv,Charles Sturt University,Charles Sturt University,100.0
formatted_universities3.csv,Massey University,Monash University,82.35294117647058
formatted_universities3.csv,Lincoln University,Linkoping University,84.21052631578947
formatted_universities3.csv,University of Windsor,University of Wyoming,80.95238095238095
formatted_universities3.csv,FOM University,OCAD University,82.75862068965517
formatted_universities3.csv,Aivancity Institute of Technology,Illinois Institute of Technology,83.07692307692307
formatted_universities2.csv,University Name,Pace University,86.66666666666667
formatted_universities2.csv,"Missouri University of Science and Technology, Rolla, Missouri",Missouri University of Science and Technology,84.11214953271028
formatted_universities2.csv,"California State University, Northridge, California",California State University Northridge,85.39325842696628
formatted_universities2.csv,"California State University, Fresno, California",California State University Fresno,83.9506172839506
formatted_universities2.csv,"California State University, East Bay, California",California State University East Bay,84.70588235294117
formatted_universities2.csv,"California State University, Dominguez Hills, California",California State University Dominguez Hills,86.86868686868688
formatted_universities2.csv,"Texas A & M University, Corpus Christi, Texas",Texas A & M University Corpus Christi,90.2439024390244
formatted_universities2.csv,"Southern Illinois University, Edwardsville, Illinois",Southern Illinois University Edwardsville,88.17204301075269
formatted_universities2.csv,"Atlantis University, Miami, Florida",Florida Atlantic University,83.87096774193549
formatted_universities2.csv,"University of Antwerp, Antwerp",University of Antwerp,82.35294117647058
formatted_universities2.csv,"LAB University of Applied Sciences, Lahti",IU University of Applied Sciences,83.78378378378379
formatted_universities2.csv,"Karelia University of Applied Sciences, Joensuu",Macromedia University of Applied Sciences,81.81818181818181
formatted_universities2.csv,"Arcada University of Applied Sciences, Helsinki",Frankfurt University of Applied Sciences,80.45977011494253
formatted_universities2.csv,"NEOMA Business School, Rouen",NEOMA Business School,85.71428571428572
formatted_universities2.csv,"ESCE International Business School, Paris",CBS International Business School,83.78378378378379
formatted_universities2.csv,"ESSCA School of Management, Angers",ESSCA School of Management,86.66666666666667
formatted_universities2.csv,"SKEMA Business School, Paris",SKEMA Business School,85.71428571428572
formatted_universities2.csv,"Burgundy School of Business, Dijon",Burgundy School of Business,88.52459016393442
formatted_universities2.csv,"EPITA - School of Engineering and Computer Science, Paris",EPITA - School of Engineering and Computer Science,93.45794392523365
formatted_universities2.csv,"Berlin School of Business and Innovation, Paris",Berlin School of Business and Innovation (BSBI),85.1063829787234
formatted_universities2.csv,"Constructor University, Bremen",Constructor University,84.61538461538461
formatted_universities2.csv,"International School of Management, Dortmund",ISM - International School of Management,83.33333333333334
formatted_universities2.csv,"CBS International Business School, Cologne",CBS International Business School,88.0
formatted_universities2.csv,"Arden University, Berlin",Arden University Berlin,97.87234042553192
formatted_universities2.csv,"New European College, Munich",New European College,83.33333333333334
formatted_universities2.csv,"EU Business School, Munich",Munich Business School,91.66666666666666
formatted_universities2.csv,"Munich Business School, Munich",Munich Business School,84.61538461538461
formatted_universities2.csv,"Berlin School of Business and Innovation, Berlin",Berlin School of Business and Innovation (BSBI),88.42105263157895
formatted_universities2.csv,"Fresenius University of Applied Sciences, Idstein",Frankfurt University of Applied Sciences,80.89887640449437
formatted_universities2.csv,"University of Europe for Applied Sciences, Hamburg",Hamburg University of Applied Sciences,86.36363636363636
formatted_universities2.csv,"Hochschule Macromedia University of Applied Sciences, Munich",Macromedia University of Applied Sciences,81.1881188118812
formatted_universities2.csv,"EU Business School, Barcelona",Aspire Business School Barcelona,81.9672131147541
formatted_universities2.csv,"C3S Business School, Barcelona",Aspire Business School Barcelona,80.64516129032258
formatted_universities2.csv,"Trinity College Dublin, Dublin",Trinity College Dublin,84.61538461538461
formatted_universities2.csv,"University College Cork, Cork",University College Cork,88.46153846153845
formatted_universities2.csv,"Dublin City University, Dublin",Dublin City University,84.61538461538461
formatted_universities2.csv,"National College of Ireland, Dublin",National College of Ireland,87.09677419354838
formatted_universities2.csv,"Dublin Business School, Dublin",Dublin Business School,84.61538461538461
formatted_universities2.csv,"IBAT College Dublin, Dublin",IBAT College Dublin,82.6086956521739
formatted_universities2.csv,"CCT College Dublin, Dublin",CCT College Dublin,81.81818181818181
formatted_universities2.csv,"University of Wollongong, Dubai Campus",University of Wollongong Dubai,88.23529411764706
formatted_universities2.csv,"Ajman University, Ajman",Ajman University,82.05128205128204
formatted_universities2.csv,"Middlesex University, Dubai Campus",Middlesex University (Dubai),83.87096774193549
formatted_universities2.csv,"Hult International Business School, Dubai Campus",Hult International Business School,82.92682926829268
formatted_universities2.csv,"S P Jain School of Global Management, Dubai Campus",SP Jain School of Global Management Dubai,87.91208791208791
formatted_universities2.csv,"Institute of Management Technology (IMT), Dubai",European Institute of Management and Technology (EIMT),85.14851485148515
formatted_universities2.csv,"University of Wollongong, Malaysia",University of Wollongong Dubai,84.375
